Date,Open,High,Low,Close,Volume,Adj Close
2015-01-15,15.12,15.16,14.8,14.86,24981300,13.348705
2015-01-16,14.81,15.04,14.75,15.02,32089900,13.492433
2015-01-20,15.08,15.13,14.75,15.01,28553700,13.48345
2015-01-21,14.98,15.11,14.88,14.97,23281500,13.447518
2015-01-22,15.01,15.07,14.9,15.03,23669200,13.501415
2015-01-23,15.02,15.08,14.89,14.91,21620600,13.39362
2015-01-26,14.98,15.15,14.97,15.08,25237200,13.546331
2015-01-27,14.96,14.99,14.72,14.85,34609100,13.339722
2015-01-28,14.83,14.83,14.42,14.46,40579800,13.121931
2015-01-29,14.62,14.96,14.3,14.85,40731100,13.475842
2015-01-30,14.75,14.89,14.63,14.71,30439700,13.348797
2015-02-02,14.75,15.3,14.74,15.27,40371800,13.856977
2015-02-03,15.47,15.79,15.44,15.65,48335400,14.201813
2015-02-04,15.68,16.02,15.65,15.87,41179500,14.401455
2015-02-05,16.01,16.02,15.75,15.85,25713200,14.383306
2015-02-06,15.84,16,15.77,15.86,28187700,14.39238
2015-02-09,15.76,16.030001,15.72,15.92,20286700,14.446828
2015-02-10,16.049999,16.139999,15.91,16.09,27928500,14.601097
2015-02-11,16.08,16.309999,16.01,16.25,34285300,14.746291
2015-02-12,16.34,16.450001,16.299999,16.360001,23738800,14.846113
2015-02-13,16.33,16.360001,16.190001,16.299999,19954600,14.791664
2015-02-17,16.209999,16.299999,16,16.110001,44362300,14.619247
2015-02-18,16.16,16.33,16.059999,16.209999,22812700,14.709992
2015-02-19,16.190001,16.48,16.17,16.43,24863900,14.909635
2015-02-20,16.389999,16.459999,16.25,16.4,21523600,14.882411
2015-02-23,16.33,16.450001,16.290001,16.379999,19016800,14.864261
2015-02-24,16.360001,16.42,16.280001,16.360001,17672500,14.846113
2015-02-25,16.34,16.620001,16.34,16.51,23320200,14.982232
2015-02-26,16.4,16.57,16.370001,16.379999,20800000,14.864261
2015-02-27,16.379999,16.4,16.219999,16.34,20337000,14.827963
2015-03-02,16.34,16.59,16.34,16.57,26341100,15.03668
2015-03-03,16.07,16.299999,16.059999,16.17,37689000,14.673694
2015-03-04,16.09,16.139999,15.93,16.030001,25659400,14.54665
2015-03-05,16.09,16.23,16.09,16.110001,16548200,14.619247
2015-03-06,16.040001,16.200001,15.91,15.93,24420500,14.455903
2015-03-09,15.98,16.1,15.93,16.030001,17132400,14.54665
2015-03-10,15.94,15.95,15.69,15.72,31687700,14.265336
2015-03-11,15.77,15.85,15.7,15.75,20638700,14.292559
2015-03-12,15.88,16.23,15.86,16.17,31172200,14.673694
2015-03-13,16.16,16.25,16,16.200001,27877700,14.700919
2015-03-16,16.26,16.5,16.24,16.49,37731700,14.964083
2015-03-17,16.389999,16.49,16.360001,16.389999,20917700,14.873336
2015-03-18,16.309999,16.51,16.110001,16.459999,33748000,14.936858
2015-03-19,16.42,16.459999,16.280001,16.34,18021500,14.827963
2015-03-20,16.35,16.540001,16.34,16.48,42096800,14.955008
2015-03-23,16.469999,16.74,16.459999,16.57,30709000,15.03668
2015-03-24,16.58,16.690001,16.469999,16.559999,16661800,15.027605
2015-03-25,16.530001,16.549999,16.18,16.18,21996200,14.682769
2015-03-26,16.110001,16.17,15.96,16.01,33327900,14.5285
2015-03-27,16.059999,16.1,15.85,15.98,53270400,14.501276
2015-03-30,16.120001,16.280001,16.049999,16.16,20537600,14.66462
2015-03-31,16.120001,16.290001,16.08,16.139999,21792600,14.64647
2015-04-01,16.16,16.16,15.85,15.91,27365900,14.437753
2015-04-02,15.93,16.040001,15.85,16.030001,15925400,14.54665
2015-04-06,15.95,16.110001,15.9,16,18522100,14.519425
2015-04-07,15.95,15.97,15.78,15.9,26616700,14.428679
2015-04-08,15.97,16.09,15.95,15.98,25147000,14.501276
2015-04-09,16,16.07,15.88,15.95,23461900,14.474052
2015-04-10,15.97,16.049999,15.95,16.030001,17657700,14.54665
2015-04-13,16,16.08,15.87,15.87,22521100,14.401455
2015-04-14,15.9,16.049999,15.89,15.97,21745900,14.492202
2015-04-15,16.01,16.08,16,16.07,25503500,14.582948
2015-04-16,16.040001,16.09,15.93,15.94,23494400,14.464977
2015-04-17,15.88,15.88,15.71,15.76,32149000,14.301634
2015-04-20,15.89,15.92,15.82,15.91,15250800,14.437753
2015-04-21,15.92,15.98,15.76,15.82,18509500,14.356082
2015-04-22,15.83,15.93,15.72,15.91,20312100,14.437753
2015-04-23,15.84,15.9,15.7,15.76,28458000,14.301634
2015-04-24,15.73,15.87,15.7,15.77,20293300,14.310709
2015-04-27,15.82,16,15.77,15.9,34824900,14.428679
2015-04-28,15.93,16.08,15.77,16.059999,56634200,14.573873
2015-04-29,15.86,16.1,15.82,16.02,35126900,14.674636
2015-04-30,15.97,16.040001,15.74,15.8,30269300,14.473111
2015-05-01,15.9,15.94,15.7,15.81,20602200,14.482271
2015-05-04,15.81,15.88,15.75,15.78,15078700,14.45479
2015-05-05,15.77,15.82,15.52,15.53,32248900,14.225785
2015-05-06,15.61,15.66,15.4,15.48,26381200,14.179984
2015-05-07,15.46,15.56,15.14,15.51,26996600,14.207465
2015-05-08,15.62,15.71,15.59,15.67,21336800,14.354028
2015-05-11,15.65,15.84,15.64,15.65,17249800,14.335708
2015-05-12,15.59,15.65,15.5,15.56,17670000,14.253267
2015-05-13,15.54,15.62,15.37,15.41,20890400,14.115863
2015-05-14,15.5,15.54,15.2,15.27,28794700,13.987621
2015-05-15,15.27,15.49,15.27,15.48,18937700,14.179984
2015-05-18,15.47,15.64,15.45,15.58,19491900,14.271587
2015-05-19,15.59,15.63,15.45,15.5,15145300,14.198305
2015-05-20,15.54,15.56,15.26,15.3,22391500,14.015101
2015-05-21,15.28,15.55,15.26,15.51,23962000,14.207465
2015-05-22,15.5,15.5,15.27,15.27,24795800,13.987621
2015-05-26,15.27,15.34,15.15,15.19,25002900,13.914339
2015-05-27,15.23,15.37,15.2,15.32,18763900,14.033421
2015-05-28,15.28,15.34,15.24,15.29,13959000,14.005941
2015-05-29,15.31,15.4,15.16,15.17,19060400,13.896019
2015-06-01,15.33,15.45,15.19,15.36,26685300,14.070062
2015-06-02,15.44,15.5,15.21,15.26,34974700,13.97846
2015-06-03,15.29,15.32,15.12,15.2,24257500,13.923499
2015-06-04,15.13,15.17,15.01,15.05,23428400,13.786096
2015-06-05,15.02,15.02,14.78,14.78,44736900,13.538771
2015-06-08,14.83,15.01,14.8,14.9,30240600,13.648693
2015-06-09,14.92,15.01,14.84,14.88,20454700,13.630373
2015-06-10,15.01,15.08,14.95,15.03,20961100,13.767776
2015-06-11,15.11,15.35,15.08,15.28,27187100,13.99678
2015-06-12,15.2,15.35,15.18,15.23,19847300,13.950979
2015-06-15,15.06,15.11,14.97,15.05,23825400,13.786096
2015-06-16,15.01,15.04,14.93,15,23359500,13.740295
2015-06-17,15.01,15.08,14.86,15.02,25842100,13.758616
2015-06-18,15.03,15.24,15,15.14,21360500,13.868538
2015-06-19,15.09,15.25,15.06,15.11,24675100,13.841057
2015-06-22,15.14,15.25,15.1,15.13,18863800,13.859378
2015-06-23,15.23,15.41,15.22,15.29,21177800,14.005941
2015-06-24,15.5,15.66,15.42,15.5,35401000,14.198305
2015-06-25,15.52,15.56,15.39,15.44,23994400,14.143343
2015-06-26,15.43,15.49,15.35,15.4,20428200,14.106703
2015-06-29,15.23,15.3,14.92,15.02,38117400,13.758616
2015-06-30,15.17,15.18,14.9,15.01,28509300,13.749456
2015-07-01,15.14,15.17,14.8,14.99,31744500,13.731135
2015-07-02,15.01,15.08,14.81,14.87,18482400,13.621213
2015-07-06,14.75,14.9,14.7,14.79,22609800,13.547931
2015-07-07,14.77,14.9,14.52,14.85,28151300,13.602893
2015-07-08,14.67,14.72,14.27,14.37,42278500,13.163203
2015-07-09,14.6,14.62,14.27,14.33,29203200,13.126562
2015-07-10,14.48,14.54,14.35,14.48,20093600,13.263965
2015-07-13,14.64,14.65,14.42,14.64,19864000,13.410528
2015-07-14,14.71,14.86,14.59,14.81,20830700,13.566252
2015-07-15,14.83,14.86,14.61,14.75,21892100,13.51129
2015-07-16,14.74,14.79,14.45,14.57,33938900,13.346406
2015-07-17,14.51,14.69,14.48,14.69,31718000,13.456329
2015-07-20,14.71,14.75,14.53,14.57,25428200,13.346406
2015-07-21,14.53,14.55,14.45,14.51,19334700,13.291446
2015-07-22,14.49,14.51,14.35,14.42,30909700,13.209004
2015-07-23,14.75,14.87,14.59,14.61,29440400,13.383047
2015-07-24,14.72,14.73,14.32,14.39,26050900,13.181523
2015-07-27,14.35,14.6,14.23,14.55,43857200,13.328086
2015-07-28,14.96,15,14.6,14.83,56398500,13.584572
2015-07-29,14.83,15.3,14.81,15.21,52125400,14.075023
2015-07-30,15.21,15.3,14.96,15.1,34980300,13.973232
2015-07-31,15.18,15.19,14.73,14.83,32654400,13.723379
2015-08-03,14.97,15.04,14.85,14.94,26702300,13.82517
2015-08-04,14.94,15,14.84,14.91,18845000,13.797409
2015-08-05,14.99,15.04,14.72,14.8,22490000,13.695618
2015-08-06,14.8,14.88,14.62,14.83,26811400,13.723379
2015-08-07,14.85,14.92,14.75,14.8,14279200,13.695618
2015-08-10,14.86,15,14.81,14.99,16804900,13.87144
2015-08-11,14.8,14.8,14.61,14.7,26971300,13.60308
2015-08-12,14.55,14.71,14.37,14.68,20864000,13.584572
2015-08-13,14.64,14.85,14.59,14.71,20560700,13.612334
2015-08-14,14.73,14.83,14.68,14.78,18398900,13.67711
2015-08-17,14.76,14.77,14.57,14.68,16028300,13.584572
2015-08-18,14.69,14.84,14.66,14.83,16853800,13.723379
2015-08-19,14.78,14.98,14.76,14.77,22419200,13.667857
2015-08-20,14.71,14.71,14.4,14.43,24108500,13.353228
2015-08-21,14.29,14.38,13.84,13.86,42103400,12.825761
2015-08-24,12.24,13.48,10.44,13.19,59805900,12.205756
2015-08-25,13.85,13.86,12.9,12.9,47961800,11.937396
2015-08-26,13.18,13.35,12.77,13.21,48377900,12.224264
2015-08-27,13.46,13.67,13.23,13.56,42067900,12.548147
2015-08-28,13.54,13.84,13.53,13.74,25699000,12.714715
2015-08-31,13.76,13.94,13.51,13.87,38210300,12.835015
2015-09-01,13.95,14.15,13.6,13.72,50482900,12.696208
2015-09-02,13.99,14,13.63,13.87,29602800,12.835015
2015-09-03,13.94,14.07,13.78,13.84,27560400,12.807253
2015-09-04,13.68,13.7,13.4,13.56,31138400,12.548147
2015-09-08,13.77,13.78,13.54,13.67,30030100,12.649939
2015-09-09,13.81,13.84,13.47,13.53,30846300,12.520385
2015-09-10,13.52,13.83,13.35,13.73,38696300,12.705461
2015-09-11,13.75,13.81,13.53,13.71,22804500,12.686954
2015-09-14,13.72,13.79,13.63,13.78,26093500,12.75173
2015-09-15,13.8,14.37,13.79,14.31,46666700,13.242182
2015-09-16,14.32,14.76,14.25,14.64,41675000,13.547557
2015-09-17,14.61,14.88,14.46,14.6,37709000,13.510542
2015-09-18,14.44,14.48,14.21,14.28,40712200,13.21442
2015-09-21,14.2,14.43,14.15,14.32,20764100,13.251435
2015-09-22,14.01,14.05,13.73,13.92,44081000,12.881284
2015-09-23,13.93,13.95,13.51,13.68,31598400,12.659193
2015-09-24,13.57,13.7,13.27,13.65,32462000,12.631431
2015-09-25,13.87,13.87,13.51,13.53,35967400,12.520385
2015-09-28,13.46,13.51,13.06,13.12,41124700,12.14098
2015-09-29,13.14,13.21,13.01,13.15,44417400,12.168741
2015-09-30,13.37,13.58,13.27,13.57,40205300,12.557401
2015-10-01,13.76,13.78,13.47,13.67,33326900,12.649939
2015-10-02,13.5,14.01,13.42,13.99,30097000,12.94606
2015-10-05,14.12,14.27,13.9,14.19,38611900,13.131136
2015-10-06,14.19,14.44,14.15,14.31,27045900,13.242182
2015-10-07,14.49,14.75,14.46,14.75,33389600,13.649349
2015-10-08,14.72,15.01,14.68,14.99,25994700,13.87144
2015-10-09,15.03,15.1,14.82,14.97,29216500,13.852932
2015-10-12,14.98,15,14.85,14.98,14372100,13.862186
2015-10-13,14.88,15.1,14.83,14.94,30615400,13.82517
2015-10-14,14.94,15.04,14.86,15.01,22314500,13.889948
2015-10-15,15.2,15.23,14.99,15.22,27437600,14.084277
2015-10-16,15.25,15.29,15.11,15.28,24240500,14.1398
2015-10-19,15.23,15.36,15.15,15.36,17863000,14.21383
2015-10-20,15.27,15.6,15.27,15.38,29037300,14.232338
2015-10-21,15.6,15.69,15.35,15.41,34039800,14.260099
2015-10-22,15.49,15.63,15.4,15.58,23484400,14.417414
2015-10-23,15.71,15.75,15.49,15.67,28592800,14.500698
2015-10-26,15.73,15.84,15.57,15.68,38062300,14.509952
2015-10-27,15.01,15.15,14.8,14.89,64579700,13.778902
2015-10-28,14.78,15,14.67,14.97,34485300,13.993906
2015-10-29,14.94,14.96,14.61,14.73,32247000,13.769554
2015-10-30,14.74,14.95,14.63,14.81,29225800,13.844339
2015-11-02,14.79,14.9,14.71,14.75,30295900,13.78825
2015-11-03,14.78,14.87,14.72,14.81,25878800,13.844339
2015-11-04,14.83,14.86,14.64,14.65,27166400,13.69477
2015-11-05,14.7,14.71,14.5,14.57,21877700,13.619987
2015-11-06,14.51,14.55,14.38,14.52,24085700,13.573248
2015-11-09,14.52,14.53,14.26,14.33,25257400,13.395636
2015-11-10,14.33,14.34,14.14,14.28,22197200,13.348896
2015-11-11,14.28,14.38,14.18,14.31,16893000,13.37694
2015-11-12,14.21,14.27,14.02,14.04,20283700,13.124545
2015-11-13,14.02,14.07,13.89,13.92,25482700,13.012369
2015-11-16,13.85,14.08,13.85,14.04,22636000,13.124545
2015-11-17,14.02,14.37,14.01,14.15,25188600,13.227372
2015-11-18,14.23,14.5,14.18,14.46,26250400,13.517159
2015-11-19,14.45,14.63,14.42,14.57,23593800,13.619987
2015-11-20,14.62,14.76,14.54,14.6,18906200,13.648031
2015-11-23,14.6,14.73,14.51,14.55,18273900,13.601291
2015-11-24,14.41,14.63,14.32,14.55,21251800,13.601291
2015-11-25,14.54,14.68,14.52,14.55,12627000,13.601291
2015-11-27,14.54,14.59,14.5,14.53,7760600,13.582595
2015-11-30,14.54,14.55,14.29,14.33,27860300,13.395636
2015-12-01,14.32,14.56,14.29,14.56,29142200,13.610639
2015-12-02,14.6,14.62,14.24,14.26,21398100,13.3302
2015-12-03,14.31,14.34,13.93,13.98,29847300,13.068456
2015-12-04,14.08,14.26,14,14.2,28354100,13.274112
2015-12-07,14.19,14.2,14.02,14.12,14530600,13.199328
2015-12-08,14.03,14.1,13.88,13.97,30356900,13.059109
2015-12-09,13.91,14.14,13.8,13.89,25196900,12.984326
2015-12-10,13.91,14.09,13.89,13.96,22025200,13.049761
2015-12-11,13.84,13.92,13.58,13.64,29576400,12.750626
2015-12-14,13.66,13.74,13.4,13.62,26825200,12.73193
2015-12-15,13.74,14,13.72,13.87,43728500,12.965629
2015-12-16,14,14.36,13.99,14.36,40683800,13.423679
2015-12-17,14.37,14.38,13.95,13.98,26179800,13.068456
2015-12-18,13.88,13.91,13.72,13.8,40453000,12.900194
2015-12-21,13.89,13.95,13.67,13.73,31598000,12.834757
2015-12-22,13.93,14.25,13.9,14.2,50646600,13.274112
2015-12-23,14.27,14.38,14.26,14.36,22172300,13.423679
2015-12-24,14.35,14.37,14.25,14.31,9000100,13.37694
2015-12-28,14.28,14.34,14.16,14.18,13697500,13.255417
2015-12-29,14.28,14.3,14.15,14.23,18867800,13.302156
2015-12-30,14.23,14.26,14.12,14.17,13800300,13.246068
2015-12-31,14.14,14.16,14.04,14.09,19834600,13.171285
2016-01-04,13.87,14,13.75,13.97,38618500,13.059109
2016-01-05,13.97,14,13.51,13.72,50267500,12.82541
2016-01-06,13.56,13.56,13.05,13.11,61285500,12.255184
2016-01-07,12.9,13.04,12.6,12.7,57846700,11.871917
2016-01-08,13.05,13.1,12.5,12.54,46199400,11.72235
2016-01-11,12.8,12.82,12.55,12.77,41269100,11.937353
2016-01-12,13.03,13.04,12.58,12.85,50983700,12.012137
2016-01-13,12.73,12.84,12.06,12.2,102174700,11.404519
2016-01-14,12.19,12.31,11.82,12.19,62938600,11.395171
2016-01-15,11.81,12,11.58,11.97,68051700,11.189516
2016-01-19,12.15,12.16,11.82,11.95,41142600,11.17082
2016-01-20,11.79,12.07,11.47,11.9,59879000,11.12408
2016-01-21,12.01,12.28,11.86,12.01,48841800,11.226908
2016-01-22,12.26,12.36,12.03,12.14,44537800,11.348431
2016-01-25,12.3,12.31,11.93,11.98,96738600,11.198863
2016-01-26,12.14,12.3,12.04,12.26,45969800,11.460607
2016-01-27,12.05,12.1,11.73,11.85,42064200,11.450944
2016-01-28,12.03,12.06,11.2,11.71,75699800,11.315658
2016-01-29,11.83,11.94,11.65,11.94,52137400,11.537912
2016-02-01,11.92,12.14,11.73,12.07,37301200,11.663534
2016-02-02,11.95,12.08,11.45,11.51,55649200,11.122393
2016-02-03,11.67,11.68,11.02,11.46,69454600,11.074077
2016-02-04,11.37,11.69,11.26,11.53,40223100,11.141719
2016-02-05,11.52,11.7,11.42,11.45,33322200,11.064413
2016-02-08,11.39,11.69,11.25,11.59,45274500,11.199699
2016-02-09,11.47,11.61,11.22,11.35,48956800,10.967782
2016-02-10,11.46,11.57,11.33,11.34,38160300,10.958118
2016-02-11,11.17,11.43,11.1,11.17,45801300,10.793843
2016-02-12,11.25,11.58,11.18,11.55,28085000,11.161046
2016-02-16,11.75,11.88,11.53,11.87,41072100,11.47027
2016-02-17,11.99,12.3,11.98,12.27,37766400,11.8568
2016-02-18,12.4,12.44,12.12,12.26,28784700,11.847136
2016-02-19,12.19,12.22,12.01,12.1,26479300,11.692525
2016-02-22,12.1,12.56,12.1,12.56,33549700,12.137034
2016-02-23,12.53,12.65,12.42,12.42,30136700,12.001748
2016-02-24,12.11,12.11,11.6,12.08,60608400,11.673198
2016-02-25,12.11,12.4,12.05,12.39,32024800,11.972759
2016-02-26,12.52,12.59,12.4,12.47,30228800,12.050065
2016-02-29,12.42,12.65,12.39,12.51,32999100,12.088718
2016-03-01,13.01,13.12,12.72,13.09,71523900,12.649186
2016-03-02,13.06,13.35,13.04,13.22,36598200,12.774808
2016-03-03,13.25,13.61,13.24,13.54,44524500,13.084031
2016-03-04,13.56,13.86,13.43,13.59,31818600,13.132348
2016-03-07,13.46,13.74,13.45,13.62,26131400,13.161337
2016-03-08,13.51,13.58,13.15,13.23,34770600,12.78447
2016-03-09,13.25,13.32,13.01,13.19,34146200,12.745817
2016-03-10,13.25,13.28,12.92,13.15,39076500,12.707165
2016-03-11,13.26,13.3,13.2,13.29,27583000,12.84245
2016-03-14,13.28,13.37,13.18,13.27,20609600,12.823124
2016-03-15,13.12,13.24,13.05,13.23,27729900,12.78447
2016-03-16,13.21,13.51,13.18,13.5,47035000,13.045378
2016-03-17,13.47,13.68,13.39,13.47,31521700,13.016389
2016-03-18,13.54,13.7,13.49,13.64,32182400,13.180664
2016-03-21,13.64,13.76,13.56,13.66,20905200,13.19999
2016-03-22,13.65,13.73,13.51,13.59,26148000,13.132348
2016-03-23,13.57,13.61,13.19,13.26,31535500,12.813461
2016-03-24,13.11,13.12,12.78,13.06,36203200,12.620196
2016-03-28,13.13,13.17,13.07,13.09,18684200,12.649186
2016-03-29,13.05,13.2,12.97,13.2,26077400,12.755481
2016-03-30,13.28,13.44,13.25,13.35,25322500,12.90043
2016-03-31,13.34,13.52,13.34,13.5,32943400,13.045378
2016-04-01,13.28,13.33,13.05,13.1,57914000,12.658849
2016-04-04,13.11,13.12,12.76,12.8,42406300,12.368952
2016-04-05,12.73,12.85,12.52,12.77,32425000,12.339962
2016-04-06,12.75,12.87,12.65,12.82,22597400,12.388278
2016-04-07,12.77,12.79,12.39,12.52,37688100,12.098381
2016-04-08,12.62,12.78,12.51,12.55,20015300,12.127371
2016-04-11,12.61,12.8,12.58,12.66,27744800,12.233666
2016-04-12,12.72,12.84,12.66,12.81,23417000,12.378615
2016-04-13,12.87,13.12,12.85,13.06,29331100,12.620196
2016-04-14,13.09,13.18,13.02,13.09,22453700,12.649186
2016-04-15,13.1,13.12,12.85,12.94,22986100,12.504236
2016-04-18,12.98,13.28,12.95,13.25,30091900,12.803797
2016-04-19,13.35,13.5,13.28,13.44,28808300,12.987399
2016-04-20,13.42,13.72,13.4,13.64,32199000,13.180664
2016-04-21,13.81,13.88,13.56,13.65,38126300,13.190327
2016-04-22,13.63,13.78,13.51,13.61,28846300,13.151674
2016-04-25,13.59,13.65,13.47,13.58,19494800,13.122684
2016-04-26,13.66,13.82,13.63,13.75,35214200,13.28696
2016-04-27,13.64,13.71,13.59,13.66,27151400,13.345578
2016-04-28,13.79,14.22,13.71,14.09,87588800,13.765681
2016-04-29,13.93,14.03,13.53,13.56,69695100,13.24788
2016-05-02,13.67,13.79,13.6,13.62,57955400,13.306499
2016-05-03,13.5,13.55,13.15,13.43,45432200,13.120873
2016-05-04,13.29,13.38,13.14,13.31,28895000,13.003635
2016-05-05,13.35,13.43,13.22,13.32,23838100,13.013404
2016-05-06,13.26,13.48,13.24,13.44,23234500,13.130642
2016-05-09,13.42,13.5,13.28,13.32,21602000,13.013404
2016-05-10,13.38,13.52,13.38,13.49,23583400,13.179491
2016-05-11,13.44,13.54,13.3,13.32,20229600,13.013404
2016-05-12,13.4,13.47,13.17,13.35,24784300,13.042714
2016-05-13,13.34,13.52,13.17,13.22,27481900,12.915706
2016-05-16,13.22,13.38,13.21,13.32,21262700,13.013404
2016-05-17,13.14,13.31,13.07,13.14,34165300,12.837548
2016-05-18,13.12,13.34,13.05,13.16,23509700,12.857087
2016-05-19,13.1,13.2,13.02,13.09,24117800,12.788698
2016-05-20,13.15,13.26,13.13,13.19,19465000,12.886396
2016-05-23,13.14,13.2,13.11,13.13,16234300,12.827778
2016-05-24,13.16,13.3,13.16,13.29,19721600,12.984095
2016-05-25,13.33,13.6,13.33,13.52,26188300,13.208801
2016-05-26,13.59,13.68,13.37,13.46,18369900,13.150182
2016-05-27,13.48,13.54,13.4,13.45,17068800,13.140412
2016-05-31,13.49,13.56,13.4,13.49,26096000,13.179491
2016-06-01,13.43,13.44,12.97,13.11,58219600,12.808238
2016-06-02,13.09,13.32,13.05,13.21,41614600,12.905936
2016-06-03,13.14,13.14,12.9,13.04,39762700,12.739849
2016-06-06,13.08,13.21,13.04,13.18,25588700,12.876627
2016-06-07,13.23,13.45,13.18,13.38,27656900,13.072023
2016-06-08,13.45,13.49,13.35,13.36,18084800,13.052483
2016-06-09,13.26,13.3,13.14,13.26,19873800,12.954785
2016-06-10,13.17,13.25,13.05,13.1,27382700,12.798468
2016-06-13,13.07,13.13,12.96,12.98,20745800,12.68123
2016-06-14,12.99,13.07,12.76,12.84,30546000,12.544453
2016-06-15,12.91,13.16,12.88,13.01,25829700,12.71054
2016-06-16,12.93,13.14,12.85,13.12,26581200,12.818008
2016-06-17,13.16,13.4,13.15,13.26,37364900,12.954785
2016-06-20,13.39,13.55,13.39,13.42,29666700,13.111102
2016-06-21,13.44,13.44,13.18,13.22,36721800,12.915706
2016-06-22,13.23,13.31,13.15,13.18,20666600,12.876627
2016-06-23,13.29,13.41,13.28,13.4,24579700,13.091562
2016-06-24,12.79,12.91,12.45,12.52,96887300,12.231819
2016-06-27,12.43,12.43,12,12.16,52731800,11.880105
2016-06-28,12.42,12.44,12.21,12.39,40640400,12.104811
2016-06-29,12.49,12.58,12.36,12.55,31937900,12.261128
2016-06-30,12.56,12.57,12.26,12.57,44983800,12.280667
2016-07-01,12.88,12.89,12.69,12.72,45067800,12.427215
2016-07-05,12.57,12.59,12.31,12.4,30243300,12.11458
2016-07-06,12.32,12.58,12.21,12.57,35091200,12.280667
2016-07-07,12.57,12.84,12.57,12.75,33473000,12.456524
2016-07-08,12.89,13.17,12.89,13.09,45945200,12.788698
2016-07-11,13.17,13.33,13.13,13.27,28626300,12.964556
2016-07-12,13.38,13.54,13.38,13.45,31320100,13.140412
2016-07-13,13.49,13.51,13.31,13.48,26779800,13.169721
2016-07-14,13.57,13.7,13.55,13.59,31803000,13.27719
2016-07-15,13.63,13.67,13.53,13.57,19546300,13.257649
2016-07-18,13.56,13.68,13.42,13.65,22545800,13.335808
2016-07-19,13.56,13.72,13.5,13.65,26183400,13.335808
2016-07-20,13.61,13.78,13.56,13.74,22588900,13.423737
2016-07-21,13.87,14.04,13.86,13.92,40574400,13.599594
2016-07-22,13.92,13.93,13.71,13.84,25134100,13.521435
2016-07-25,13.86,13.95,13.76,13.83,26248500,13.511665
2016-07-26,13.73,13.88,13.69,13.86,28467200,13.68945
2016-07-27,13.86,13.99,13.75,13.84,34625500,13.669697
2016-07-28,12.78,12.86,12.45,12.71,142168600,12.553602
2016-07-29,12.61,12.88,12.6,12.66,59754100,12.504217
2016-08-01,12.61,12.62,12.4,12.48,51963100,12.326431
2016-08-02,12.35,12.36,11.9,11.94,101624900,11.793076
2016-08-03,12.02,12.2,11.94,12.13,47323300,11.980739
2016-08-04,12.12,12.23,12.05,12.08,38443200,11.931354
2016-08-05,12.16,12.26,12.16,12.19,31219500,12.04
2016-08-08,12.22,12.33,12.15,12.18,33310600,12.030124
2016-08-09,12.16,12.38,12.15,12.31,30097800,12.158524
2016-08-10,12.3,12.36,12.23,12.25,24555800,12.099262
2016-08-11,12.31,12.37,12.26,12.31,24987300,12.158524
2016-08-12,12.29,12.37,12.25,12.33,18816900,12.178278
2016-08-15,12.37,12.44,12.36,12.43,16371100,12.277047
2016-08-16,12.35,12.43,12.33,12.34,20450100,12.188155
2016-08-17,12.33,12.39,12.23,12.39,23434500,12.23754
2016-08-18,12.33,12.36,12.27,12.33,23629500,12.178278
2016-08-19,12.3,12.41,12.25,12.39,21891400,12.23754
2016-08-22,12.35,12.38,12.29,12.36,22458400,12.207908
2016-08-23,12.4,12.43,12.33,12.42,34634100,12.26717
2016-08-24,12.41,12.44,12.28,12.3,19999600,12.148647
2016-08-25,12.3,12.52,12.21,12.47,44713700,12.316555
2016-08-26,12.47,12.55,12.34,12.38,22645900,12.227662
2016-08-29,12.38,12.5,12.38,12.47,22243200,12.316555
2016-08-30,12.47,12.56,12.43,12.55,26040400,12.395571
2016-08-31,12.48,12.61,12.48,12.6,26030600,12.444956
2016-09-01,12.66,12.72,12.35,12.44,40510400,12.286924
2016-09-02,12.53,12.57,12.46,12.5,21079800,12.346186
2016-09-06,12.49,12.67,12.43,12.67,36098900,12.514094
2016-09-07,12.62,12.75,12.62,12.7,22879100,12.543725
2016-09-08,12.5,12.75,12.5,12.73,34017900,12.573355
2016-09-09,12.61,12.69,12.38,12.38,35733600,12.227662
2016-09-12,12.32,12.77,12.28,12.7,42690200,12.543725
2016-09-13,12.53,12.68,12.33,12.38,56549100,12.227662
2016-09-14,12.18,12.31,12.11,12.14,62450600,11.990616
2016-09-15,12.14,12.18,12.06,12.11,57334800,11.960984
2016-09-16,12.05,12.13,12.01,12.11,26271600,11.960984
2016-09-19,12.12,12.33,12.06,12.11,41175500,11.960984
2016-09-20,12.09,12.19,11.96,12,37820800,11.852338
2016-09-21,12.08,12.11,12.01,12.09,32934600,11.941231
2016-09-22,12.17,12.29,12.16,12.18,36136200,12.030124
2016-09-23,12.12,12.22,12.12,12.17,18993500,12.020247
2016-09-26,12.12,12.12,12,12.01,26758600,11.862215
2016-09-27,12.02,12.09,11.93,11.98,28965800,11.832584
2016-09-28,12.02,12.09,11.96,12.09,29341500,11.941231
2016-09-29,12.03,12.12,11.95,11.97,23397400,11.822708
2016-09-30,12,12.14,11.99,12.07,34903800,11.921477
2016-10-03,12.06,12.15,12.02,12.1,20683100,11.951108
2016-10-04,12.11,12.25,12.09,12.2,23948700,12.049877
2016-10-05,12.22,12.53,12.22,12.48,55529100,12.326431
2016-10-06,12.43,12.51,12.33,12.39,25880900,12.23754
2016-10-07,12.39,12.42,12.2,12.29,22093200,12.13877
2016-10-10,12.35,12.38,12.1,12.12,24951400,11.970862
2016-10-11,12.17,12.17,11.91,11.99,40053500,11.842461
2016-10-12,12,12.01,11.94,11.96,20627000,11.812831
2016-10-13,11.91,11.91,11.69,11.91,39904200,11.763446
2016-10-14,11.96,12,11.89,11.91,25775700,11.763446
2016-10-17,11.91,12,11.88,11.88,19875000,11.733815
2016-10-18,11.92,11.93,11.71,11.89,39911300,11.743692
2016-10-19,11.89,12.05,11.88,12.01,26094000,11.862215
2016-10-20,12.02,12.03,11.9,11.97,18116000,11.822708
2016-10-21,11.93,12.04,11.85,12.02,24364200,11.872093
2016-10-24,12.06,12.2,12.06,12.19,33733600,12.04
2016-10-25,12.05,12.1,11.76,11.85,42486000,11.85
2016-10-26,11.8,11.93,11.76,11.88,36219900,11.88
2016-10-27,11.81,11.83,11.6,11.74,48402000,11.74
2016-10-28,11.74,11.85,11.63,11.72,37142400,11.72
2016-10-31,11.75,11.81,11.69,11.74,31898400,11.74
2016-11-01,11.78,11.84,11.5,11.61,35613600,11.61
2016-11-02,11.51,11.56,11.36,11.4,36229400,11.4
2016-11-03,11.39,11.46,11.27,11.35,38651500,11.35
2016-11-04,11.31,11.5,11.3,11.34,24752400,11.34
2016-11-07,11.52,11.62,11.39,11.58,25120700,11.58
2016-11-08,11.5,11.51,11.35,11.48,28456100,11.48
2016-11-09,11.15,11.63,11.07,11.58,60625700,11.58
2016-11-10,11.58,11.98,11.58,11.94,52756500,11.94
2016-11-11,11.88,12.4,11.84,12.28,79135100,12.28
2016-11-14,12.27,12.5,12.02,12.06,56109900,12.06
2016-11-15,12.06,12.14,11.95,12.04,31498500,12.04
2016-11-16,12,12.05,11.92,12,25195500,12
2016-11-17,11.9,11.96,11.78,11.87,38502500,11.87
2016-11-18,11.87,11.9,11.73,11.76,30662000,11.76
2016-11-21,11.77,11.9,11.77,11.79,19508600,11.79
2016-11-22,11.76,11.91,11.73,11.89,24274700,11.89
2016-11-23,11.9,12,11.85,11.9,22414000,11.9
2016-11-25,11.95,12.06,11.93,12.04,11439600,12.04
2016-11-28,12.02,12.05,11.89,11.92,24407200,11.92
2016-11-29,11.93,12,11.87,11.92,23690800,11.92
2016-11-30,11.97,12.14,11.92,11.96,47646200,11.96
2016-12-01,12.23,12.8,12.18,12.43,95143600,12.43
2016-12-02,12.58,12.58,12.15,12.24,38601600,12.24
2016-12-05,12.31,12.5,12.29,12.44,36118300,12.44
2016-12-06,12.4,12.59,12.37,12.56,23668100,12.56
2016-12-07,12.59,13.15,12.54,13.06,58440500,13.06
2016-12-08,13.07,13.15,12.97,13.03,41451800,13.03
2016-12-09,13,13.2,12.91,13.17,45233200,13.17
2016-12-12,13.08,13.1,12.81,12.82,39544700,12.82
2016-12-13,12.84,12.88,12.75,12.77,38816300,12.77
2016-12-14,12.65,12.79,12.5,12.53,42243500,12.53
2016-12-15,12.54,12.72,12.52,12.58,23672100,12.58
2016-12-16,12.66,12.7,12.56,12.63,28099200,12.63
2016-12-19,12.59,12.8,12.59,12.66,22780900,12.66
2016-12-20,12.7,12.82,12.68,12.78,17752900,12.78
2016-12-21,12.73,12.77,12.64,12.64,18056600,12.64
2016-12-22,12.63,12.64,12.4,12.4,27556900,12.4
2016-12-23,12.43,12.46,12.36,12.46,15578200,12.46
2016-12-27,12.43,12.51,12.36,12.39,19403000,12.39
2016-12-28,12.37,12.45,12.22,12.25,26678100,12.25
2016-12-29,12.25,12.31,12.22,12.23,19714400,12.23
2016-12-30,12.24,12.28,12.08,12.13,27288100,12.13
2017-01-03,12.2,12.6,12.13,12.59,40418000,12.59
2017-01-04,12.77,13.27,12.74,13.17,75755300,13.17
2017-01-05,13.21,13.22,12.63,12.77,75486300,12.77
2017-01-06,12.8,12.84,12.64,12.76,40247100,12.76
2017-01-09,12.79,12.86,12.63,12.63,39183400,12.63
2017-01-10,12.7,13.02,12.66,12.85,58480500,12.85
2017-01-11,12.71,12.72,12.51,12.67,49482100,12.67
2017-01-12,12.66,12.68,12.35,12.59,36468900,12.59
2017-01-13,12.62,12.67,12.5,12.63,29040300,12.63
