Date,Open,High,Low,Close,Volume,Adj Close
2017-01-13,12.62,12.67,12.50,12.63,29040300,12.63
2017-01-12,12.66,12.68,12.35,12.59,36468900,12.59
2017-01-11,12.71,12.72,12.51,12.67,49482100,12.67
2017-01-10,12.70,13.02,12.66,12.85,58480500,12.85
2017-01-09,12.79,12.86,12.63,12.63,39183400,12.63
2017-01-06,12.80,12.84,12.64,12.76,40247100,12.76
2017-01-05,13.21,13.22,12.63,12.77,75486300,12.77
2017-01-04,12.77,13.27,12.74,13.17,75755300,13.17
2017-01-03,12.20,12.60,12.13,12.59,40418000,12.59
2016-12-30,12.24,12.28,12.08,12.13,27288100,12.13
2016-12-29,12.25,12.31,12.22,12.23,19714400,12.23
2016-12-28,12.37,12.45,12.22,12.25,26678100,12.25
2016-12-27,12.43,12.51,12.36,12.39,19403000,12.39
2016-12-23,12.43,12.46,12.36,12.46,15578200,12.46
2016-12-22,12.63,12.64,12.40,12.40,27556900,12.40
2016-12-21,12.73,12.77,12.64,12.64,18056600,12.64
2016-12-20,12.70,12.82,12.68,12.78,17752900,12.78
2016-12-19,12.59,12.80,12.59,12.66,22780900,12.66
2016-12-16,12.66,12.70,12.56,12.63,28099200,12.63
2016-12-15,12.54,12.72,12.52,12.58,23672100,12.58
2016-12-14,12.65,12.79,12.50,12.53,42243500,12.53
2016-12-13,12.84,12.88,12.75,12.77,38816300,12.77
2016-12-12,13.08,13.10,12.81,12.82,39544700,12.82
2016-12-09,13.00,13.20,12.91,13.17,45233200,13.17
2016-12-08,13.07,13.15,12.97,13.03,41451800,13.03
2016-12-07,12.59,13.15,12.54,13.06,58440500,13.06
2016-12-06,12.40,12.59,12.37,12.56,23668100,12.56
2016-12-05,12.31,12.50,12.29,12.44,36118300,12.44
2016-12-02,12.58,12.58,12.15,12.24,38601600,12.24
2016-12-01,12.23,12.80,12.18,12.43,95143600,12.43
2016-11-30,11.97,12.14,11.92,11.96,47646200,11.96
2016-11-29,11.93,12.00,11.87,11.92,23690800,11.92
2016-11-28,12.02,12.05,11.89,11.92,24407200,11.92
2016-11-25,11.95,12.06,11.93,12.04,11439600,12.04
2016-11-23,11.90,12.00,11.85,11.90,22414000,11.90
2016-11-22,11.76,11.91,11.73,11.89,24274700,11.89
2016-11-21,11.77,11.90,11.77,11.79,19508600,11.79
2016-11-18,11.87,11.90,11.73,11.76,30662000,11.76
2016-11-17,11.90,11.96,11.78,11.87,38502500,11.87
2016-11-16,12.00,12.05,11.92,12.00,25195500,12.00
2016-11-15,12.06,12.14,11.95,12.04,31498500,12.04
2016-11-14,12.27,12.50,12.02,12.06,56109900,12.06
2016-11-11,11.88,12.40,11.84,12.28,79135100,12.28
2016-11-10,11.58,11.98,11.58,11.94,52749500,11.94
2016-11-09,11.15,11.63,11.07,11.58,60625700,11.58
2016-11-08,11.50,11.51,11.35,11.48,28497900,11.48
2016-11-07,11.52,11.62,11.39,11.58,25120700,11.58
2016-11-04,11.31,11.50,11.30,11.34,24752400,11.34
2016-11-03,11.39,11.46,11.27,11.35,38651500,11.35
2016-11-02,11.51,11.56,11.36,11.40,36229400,11.40
2016-11-01,11.78,11.84,11.50,11.61,35613600,11.61
2016-10-31,11.75,11.81,11.69,11.74,31898400,11.74
2016-10-28,11.74,11.85,11.63,11.72,37142400,11.72
2016-10-27,11.81,11.83,11.60,11.74,48402000,11.74
2016-10-26,11.80,11.93,11.76,11.88,36219900,11.88
2016-10-25,12.05,12.10,11.76,11.85,42486000,11.85
2016-10-24,12.06,12.20,12.06,12.19,33733600,12.04
2016-10-21,11.93,12.04,11.85,12.02,24364200,11.872093
2016-10-20,12.02,12.03,11.90,11.97,18116000,11.822708
2016-10-19,11.89,12.05,11.88,12.01,26094000,11.862215
2016-10-18,11.92,11.93,11.71,11.89,39911300,11.743692
2016-10-17,11.91,12.00,11.88,11.88,19875000,11.733815
2016-10-14,11.96,12.00,11.89,11.91,25775700,11.763446
2016-10-13,11.91,11.91,11.69,11.91,39904200,11.763446
2016-10-12,12.00,12.01,11.94,11.96,20627000,11.812831
2016-10-11,12.17,12.17,11.91,11.99,40053500,11.842461
2016-10-10,12.35,12.38,12.10,12.12,24951400,11.970862
2016-10-07,12.39,12.42,12.20,12.29,22093200,12.13877
2016-10-06,12.43,12.51,12.33,12.39,25880900,12.23754
2016-10-05,12.22,12.53,12.22,12.48,55529100,12.326431
2016-10-04,12.11,12.25,12.09,12.20,23948700,12.049877
2016-10-03,12.06,12.15,12.02,12.10,20683100,11.951108
2016-09-30,12.00,12.14,11.99,12.07,34903800,11.921477
2016-09-29,12.03,12.12,11.95,11.97,23397400,11.822708
2016-09-28,12.02,12.09,11.96,12.09,29341500,11.941231
2016-09-27,12.02,12.09,11.93,11.98,28965800,11.832584
2016-09-26,12.12,12.12,12.00,12.01,26758600,11.862215
2016-09-23,12.12,12.22,12.12,12.17,18993500,12.020247
2016-09-22,12.17,12.29,12.16,12.18,36136200,12.030124
2016-09-21,12.08,12.11,12.01,12.09,32934600,11.941231
2016-09-20,12.09,12.19,11.96,12.00,37820800,11.852338
2016-09-19,12.12,12.33,12.06,12.11,41175500,11.960984
2016-09-16,12.05,12.13,12.01,12.11,26271600,11.960984
2016-09-15,12.14,12.18,12.06,12.11,57334800,11.960984
2016-09-14,12.18,12.31,12.11,12.14,62450600,11.990616
2016-09-13,12.53,12.68,12.33,12.38,56549100,12.227662
2016-09-12,12.32,12.77,12.28,12.70,42690200,12.543725
2016-09-09,12.61,12.69,12.38,12.38,35733600,12.227662
2016-09-08,12.50,12.75,12.50,12.73,34017900,12.573355
2016-09-07,12.62,12.75,12.62,12.70,22879100,12.543725
2016-09-06,12.49,12.67,12.43,12.67,36098900,12.514094
2016-09-02,12.53,12.57,12.46,12.50,21079800,12.346186
2016-09-01,12.66,12.72,12.35,12.44,40510400,12.286924
2016-08-31,12.48,12.61,12.48,12.60,26030600,12.444956
2016-08-30,12.47,12.56,12.43,12.55,26040400,12.395571
2016-08-29,12.38,12.50,12.38,12.47,22243200,12.316555
2016-08-26,12.47,12.55,12.34,12.38,22645900,12.227662
2016-08-25,12.30,12.52,12.21,12.47,44713700,12.316555
2016-08-24,12.41,12.44,12.28,12.30,19999600,12.148647
2016-08-23,12.40,12.43,12.33,12.42,34634100,12.26717
2016-08-22,12.35,12.38,12.29,12.36,22458400,12.207908
2016-08-19,12.30,12.41,12.25,12.39,21891400,12.23754
2016-08-18,12.33,12.36,12.27,12.33,23629500,12.178278
2016-08-17,12.33,12.39,12.23,12.39,23434500,12.23754
2016-08-16,12.35,12.43,12.33,12.34,20450100,12.188155
2016-08-15,12.37,12.44,12.36,12.43,16371100,12.277047
2016-08-12,12.29,12.37,12.25,12.33,18816900,12.178278
2016-08-11,12.31,12.37,12.26,12.31,24987300,12.158524
2016-08-10,12.30,12.36,12.23,12.25,24555800,12.099262
2016-08-09,12.16,12.38,12.15,12.31,30097800,12.158524
2016-08-08,12.22,12.33,12.15,12.18,33310600,12.030124
2016-08-05,12.16,12.26,12.16,12.19,31219500,12.04
2016-08-04,12.12,12.23,12.05,12.08,38443200,11.931354
2016-08-03,12.02,12.20,11.94,12.13,47323300,11.980739
2016-08-02,12.35,12.36,11.90,11.94,101624900,11.793076
2016-08-01,12.61,12.62,12.40,12.48,51963100,12.326431
2016-07-29,12.61,12.88,12.60,12.66,59754100,12.504217
2016-07-28,12.78,12.86,12.45,12.71,142168600,12.553602
2016-07-27,13.86,13.99,13.75,13.84,34625500,13.669697
2016-07-26,13.73,13.88,13.69,13.86,28467200,13.68945
2016-07-25,13.86,13.95,13.76,13.83,26248500,13.511665
2016-07-22,13.92,13.93,13.71,13.84,25134100,13.521435
2016-07-21,13.87,14.04,13.86,13.92,40574400,13.599594
2016-07-20,13.61,13.78,13.56,13.74,22588900,13.423737
2016-07-19,13.56,13.72,13.50,13.65,26183400,13.335808
2016-07-18,13.56,13.68,13.42,13.65,22545800,13.335808
2016-07-15,13.63,13.67,13.53,13.57,19546300,13.257649
2016-07-14,13.57,13.70,13.55,13.59,31803000,13.27719
2016-07-13,13.49,13.51,13.31,13.48,26779800,13.169721
2016-07-12,13.38,13.54,13.38,13.45,31320100,13.140412
2016-07-11,13.17,13.33,13.13,13.27,28626300,12.964556
2016-07-08,12.89,13.17,12.89,13.09,45945200,12.788698
2016-07-07,12.57,12.84,12.57,12.75,33473000,12.456524
2016-07-06,12.32,12.58,12.21,12.57,35091200,12.280667
2016-07-05,12.57,12.59,12.31,12.40,30243300,12.11458
2016-07-01,12.88,12.89,12.69,12.72,45067800,12.427215
2016-06-30,12.56,12.57,12.26,12.57,44983800,12.280667
2016-06-29,12.49,12.58,12.36,12.55,31937900,12.261128
2016-06-28,12.42,12.44,12.21,12.39,40640400,12.104811
2016-06-27,12.43,12.43,12.00,12.16,52731800,11.880105
2016-06-24,12.79,12.91,12.45,12.52,96887300,12.231819
2016-06-23,13.29,13.41,13.28,13.40,24579700,13.091562
2016-06-22,13.23,13.31,13.15,13.18,20666600,12.876627
2016-06-21,13.44,13.44,13.18,13.22,36721800,12.915706
2016-06-20,13.39,13.55,13.39,13.42,29666700,13.111102
2016-06-17,13.16,13.40,13.15,13.26,37364900,12.954785
2016-06-16,12.93,13.14,12.85,13.12,26581200,12.818008
2016-06-15,12.91,13.16,12.88,13.01,25829700,12.71054
2016-06-14,12.99,13.07,12.76,12.84,30546000,12.544453
2016-06-13,13.07,13.13,12.96,12.98,20745800,12.68123
2016-06-10,13.17,13.25,13.05,13.10,27382700,12.798468
2016-06-09,13.26,13.30,13.14,13.26,19873800,12.954785
2016-06-08,13.45,13.49,13.35,13.36,18084800,13.052483
2016-06-07,13.23,13.45,13.18,13.38,27656900,13.072023
2016-06-06,13.08,13.21,13.04,13.18,25588700,12.876627
2016-06-03,13.14,13.14,12.90,13.04,39762700,12.739849
2016-06-02,13.09,13.32,13.05,13.21,41614600,12.905936
2016-06-01,13.43,13.44,12.97,13.11,58219600,12.808238
2016-05-31,13.49,13.56,13.40,13.49,26096000,13.179491
2016-05-27,13.48,13.54,13.40,13.45,17068800,13.140412
2016-05-26,13.59,13.68,13.37,13.46,18369900,13.150182
2016-05-25,13.33,13.60,13.33,13.52,26188300,13.208801
2016-05-24,13.16,13.30,13.16,13.29,19721600,12.984095
2016-05-23,13.14,13.20,13.11,13.13,16234300,12.827778
2016-05-20,13.15,13.26,13.13,13.19,19465000,12.886396
2016-05-19,13.10,13.20,13.02,13.09,24117800,12.788698
2016-05-18,13.12,13.34,13.05,13.16,23509700,12.857087
2016-05-17,13.14,13.31,13.07,13.14,34165300,12.837548
2016-05-16,13.22,13.38,13.21,13.32,21262700,13.013404
2016-05-13,13.34,13.52,13.17,13.22,27481900,12.915706
2016-05-12,13.40,13.47,13.17,13.35,24784300,13.042714
2016-05-11,13.44,13.54,13.30,13.32,20229600,13.013404
2016-05-10,13.38,13.52,13.38,13.49,23583400,13.179491
2016-05-09,13.42,13.50,13.28,13.32,21602000,13.013404
2016-05-06,13.26,13.48,13.24,13.44,23234500,13.130642
2016-05-05,13.35,13.43,13.22,13.32,23838100,13.013404
2016-05-04,13.29,13.38,13.14,13.31,28895000,13.003635
2016-05-03,13.50,13.55,13.15,13.43,45432200,13.120873
2016-05-02,13.67,13.79,13.60,13.62,57955400,13.306499
2016-04-29,13.93,14.03,13.53,13.56,69695100,13.24788
2016-04-28,13.79,14.22,13.71,14.09,87588800,13.765681
2016-04-27,13.64,13.71,13.59,13.66,27151400,13.345578
2016-04-26,13.66,13.82,13.63,13.75,35214200,13.28696
2016-04-25,13.59,13.65,13.47,13.58,19494800,13.122684
2016-04-22,13.63,13.78,13.51,13.61,28846300,13.151674
2016-04-21,13.81,13.88,13.56,13.65,38126300,13.190327
2016-04-20,13.42,13.72,13.40,13.64,32199000,13.180664
2016-04-19,13.35,13.50,13.28,13.44,28808300,12.987399
2016-04-18,12.98,13.28,12.95,13.25,30091900,12.803797
2016-04-15,13.10,13.12,12.85,12.94,22986100,12.504236
2016-04-14,13.09,13.18,13.02,13.09,22453700,12.649186
2016-04-13,12.87,13.12,12.85,13.06,29331100,12.620196
2016-04-12,12.72,12.84,12.66,12.81,23417000,12.378615
2016-04-11,12.61,12.80,12.58,12.66,27744800,12.233666
2016-04-08,12.62,12.78,12.51,12.55,20015300,12.127371
2016-04-07,12.77,12.79,12.39,12.52,37688100,12.098381
2016-04-06,12.75,12.87,12.65,12.82,22597400,12.388278
2016-04-05,12.73,12.85,12.52,12.77,32425000,12.339962
2016-04-04,13.11,13.12,12.76,12.80,42406300,12.368952
2016-04-01,13.28,13.33,13.05,13.10,57914000,12.658849
2016-03-31,13.34,13.52,13.34,13.50,32943400,13.045378
2016-03-30,13.28,13.44,13.25,13.35,25322500,12.90043
2016-03-29,13.05,13.20,12.97,13.20,26077400,12.755481
2016-03-28,13.13,13.17,13.07,13.09,18684200,12.649186
2016-03-24,13.11,13.12,12.78,13.06,36203200,12.620196
2016-03-23,13.57,13.61,13.19,13.26,31535500,12.813461
2016-03-22,13.65,13.73,13.51,13.59,26148000,13.132348
2016-03-21,13.64,13.76,13.56,13.66,20905200,13.19999
2016-03-18,13.54,13.70,13.49,13.64,32182400,13.180664
2016-03-17,13.47,13.68,13.39,13.47,31521700,13.016389
2016-03-16,13.21,13.51,13.18,13.50,47035000,13.045378
2016-03-15,13.12,13.24,13.05,13.23,27729900,12.78447
2016-03-14,13.28,13.37,13.18,13.27,20609600,12.823124
2016-03-11,13.26,13.30,13.20,13.29,27583000,12.84245
2016-03-10,13.25,13.28,12.92,13.15,39076500,12.707165
2016-03-09,13.25,13.32,13.01,13.19,34146200,12.745817
2016-03-08,13.51,13.58,13.15,13.23,34770600,12.78447
2016-03-07,13.46,13.74,13.45,13.62,26131400,13.161337
2016-03-04,13.56,13.86,13.43,13.59,31818600,13.132348
2016-03-03,13.25,13.61,13.24,13.54,44524500,13.084031
2016-03-02,13.06,13.35,13.04,13.22,36598200,12.774808
2016-03-01,13.01,13.12,12.72,13.09,71523900,12.649186
2016-02-29,12.42,12.65,12.39,12.51,32999100,12.088718
2016-02-26,12.52,12.59,12.40,12.47,30228800,12.050065
2016-02-25,12.11,12.40,12.05,12.39,32024800,11.972759
2016-02-24,12.11,12.11,11.60,12.08,60608400,11.673198
2016-02-23,12.53,12.65,12.42,12.42,30136700,12.001748
2016-02-22,12.10,12.56,12.10,12.56,33549700,12.137034
2016-02-19,12.19,12.22,12.01,12.10,26479300,11.692525
2016-02-18,12.40,12.44,12.12,12.26,28784700,11.847136
2016-02-17,11.99,12.30,11.98,12.27,37766400,11.8568
2016-02-16,11.75,11.88,11.53,11.87,41072100,11.47027
2016-02-12,11.25,11.58,11.18,11.55,28085000,11.161046
2016-02-11,11.17,11.43,11.10,11.17,45801300,10.793843
2016-02-10,11.46,11.57,11.33,11.34,38160300,10.958118
2016-02-09,11.47,11.61,11.22,11.35,48956800,10.967782
2016-02-08,11.39,11.69,11.25,11.59,45274500,11.199699
2016-02-05,11.52,11.70,11.42,11.45,33322200,11.064413
2016-02-04,11.37,11.69,11.26,11.53,40223100,11.141719
2016-02-03,11.67,11.68,11.02,11.46,69454600,11.074077
2016-02-02,11.95,12.08,11.45,11.51,55649200,11.122393
2016-02-01,11.92,12.14,11.73,12.07,37301200,11.663534
2016-01-29,11.83,11.94,11.65,11.94,52137400,11.537912
2016-01-28,12.03,12.06,11.20,11.71,75699800,11.315658
2016-01-27,12.05,12.10,11.73,11.85,42064200,11.450944
2016-01-26,12.14,12.30,12.04,12.26,45969800,11.460607
2016-01-25,12.30,12.31,11.93,11.98,96738600,11.198863
2016-01-22,12.26,12.36,12.03,12.14,44537800,11.348431
2016-01-21,12.01,12.28,11.86,12.01,48841800,11.226908
2016-01-20,11.79,12.07,11.47,11.90,59879000,11.12408
2016-01-19,12.15,12.16,11.82,11.95,41142600,11.17082
2016-01-15,11.81,12.00,11.58,11.97,68051700,11.189516
